variant,macro_f1_avg,weighted_f1_avg,accuracy_avg
feature_text_soft_vote,0.39151390427326627,0.5354151627142438,0.5217524509803922
feature_text_sampled,0.38218160797159606,0.5254551641125571,0.5101102941176471
feature_text_sampled_augmented,0.3812734344858139,0.5260301739156739,0.5119485294117646
feature_text,0.38023973508597103,0.5422394057413409,0.5309436274509803
taxonomy_v2_text,0.30352553896463835,0.4589589687621836,0.4494485294117647
