{
  "alaycı": {
    "precision": 0.16901408450704225,
    "recall": 0.3076923076923077,
    "f1-score": 0.21818181818181817,
    "support": 39.0
  },
  "ciddi": {
    "precision": 0.5867768595041323,
    "recall": 0.6016949152542372,
    "f1-score": 0.5941422594142259,
    "support": 236.0
  },
  "diğer": {
    "precision": 0.15789473684210525,
    "recall": 0.14285714285714285,
    "f1-score": 0.15,
    "support": 21.0
  },
  "kaygı": {
    "precision": 0.4419889502762431,
    "recall": 0.5333333333333333,
    "f1-score": 0.48338368580060426,
    "support": 150.0
  },
  "nötr": {
    "precision": 0.8247863247863247,
    "recall": 0.6701388888888888,
    "f1-score": 0.7394636015325671,
    "support": 576.0
  },
  "umut": {
    "precision": 0.19402985074626866,
    "recall": 0.40625,
    "f1-score": 0.26262626262626265,
    "support": 32.0
  },
  "öfke": {
    "precision": 0.0,
    "recall": 0.0,
    "f1-score": 0.0,
    "support": 13.0
  },
  "üzgün": {
    "precision": 0.2413793103448276,
    "recall": 0.3333333333333333,
    "f1-score": 0.28,
    "support": 21.0
  },
  "accuracy": 0.5909926470588235,
  "macro avg": {
    "precision": 0.326983764625868,
    "recall": 0.3744124901699054,
    "f1-score": 0.3409747034444347,
    "support": 1088.0
  },
  "weighted avg": {
    "precision": 0.6443381102683048,
    "recall": 0.5909926470588235,
    "f1-score": 0.6108449373968179,
    "support": 1088.0
  }
}