{
  "başlangıç": {
    "precision": 0.5614035087719298,
    "recall": 0.5333333333333333,
    "f1-score": 0.5470085470085471,
    "support": 60.0
  },
  "değerlendirme": {
    "precision": 0.5315985130111525,
    "recall": 0.4482758620689655,
    "f1-score": 0.48639455782312924,
    "support": 319.0
  },
  "diğer": {
    "precision": 0.5517241379310345,
    "recall": 0.4050632911392405,
    "f1-score": 0.46715328467153283,
    "support": 79.0
  },
  "hipotez": {
    "precision": 0.452991452991453,
    "recall": 0.6235294117647059,
    "f1-score": 0.5247524752475248,
    "support": 170.0
  },
  "kesin_tanı": {
    "precision": 0.5847953216374269,
    "recall": 0.5681818181818182,
    "f1-score": 0.5763688760806917,
    "support": 176.0
  },
  "tedavi": {
    "precision": 0.43564356435643564,
    "recall": 0.4631578947368421,
    "f1-score": 0.4489795918367347,
    "support": 95.0
  },
  "test": {
    "precision": 0.5707070707070707,
    "recall": 0.5978835978835979,
    "f1-score": 0.5839793281653747,
    "support": 189.0
  },
  "accuracy": 0.5238970588235294,
  "macro avg": {
    "precision": 0.5269805099152147,
    "recall": 0.5199178870155006,
    "f1-score": 0.519233808690505,
    "support": 1088.0
  },
  "weighted avg": {
    "precision": 0.5294417662386554,
    "recall": 0.5238970588235294,
    "f1-score": 0.5225730546738683,
    "support": 1088.0
  }
}