{
  "açıklama": {
    "precision": 0.706601466992665,
    "recall": 0.4753289473684211,
    "f1-score": 0.5683382497541789,
    "support": 608.0
  },
  "diğer": {
    "precision": 0.5652173913043478,
    "recall": 0.47560975609756095,
    "f1-score": 0.5165562913907285,
    "support": 82.0
  },
  "emir": {
    "precision": 0.25757575757575757,
    "recall": 0.4594594594594595,
    "f1-score": 0.3300970873786408,
    "support": 37.0
  },
  "hipotez": {
    "precision": 0.30472103004291845,
    "recall": 0.4863013698630137,
    "f1-score": 0.37467018469656993,
    "support": 146.0
  },
  "soru": {
    "precision": 0.13513513513513514,
    "recall": 0.21739130434782608,
    "f1-score": 0.16666666666666666,
    "support": 46.0
  },
  "tanı": {
    "precision": 0.2826086956521739,
    "recall": 0.4,
    "f1-score": 0.33121019108280253,
    "support": 65.0
  },
  "tedavi": {
    "precision": 0.34210526315789475,
    "recall": 0.5416666666666666,
    "f1-score": 0.41935483870967744,
    "support": 48.0
  },
  "test": {
    "precision": 0.2564102564102564,
    "recall": 0.35714285714285715,
    "f1-score": 0.29850746268656714,
    "support": 28.0
  },
  "uyarı": {
    "precision": 0.0,
    "recall": 0.0,
    "f1-score": 0.0,
    "support": 14.0
  },
  "şaka": {
    "precision": 0.13333333333333333,
    "recall": 0.14285714285714285,
    "f1-score": 0.13793103448275862,
    "support": 14.0
  },
  "accuracy": 0.45036764705882354,
  "macro avg": {
    "precision": 0.2983708329604482,
    "recall": 0.35557575038029476,
    "f1-score": 0.31433320068485904,
    "support": 1088.0
  },
  "weighted avg": {
    "precision": 0.5331195582227998,
    "recall": 0.45036764705882354,
    "f1-score": 0.4728274960720453,
    "support": 1088.0
  }
}