{
  "başlangıç": {
    "precision": 0.5588235294117647,
    "recall": 0.6333333333333333,
    "f1-score": 0.59375,
    "support": 60.0
  },
  "değerlendirme": {
    "precision": 0.5311203319502075,
    "recall": 0.4012539184952978,
    "f1-score": 0.45714285714285713,
    "support": 319.0
  },
  "diğer": {
    "precision": 0.5606060606060606,
    "recall": 0.46835443037974683,
    "f1-score": 0.5103448275862069,
    "support": 79.0
  },
  "hipotez": {
    "precision": 0.4533333333333333,
    "recall": 0.6,
    "f1-score": 0.5164556962025316,
    "support": 170.0
  },
  "kesin_tanı": {
    "precision": 0.5847953216374269,
    "recall": 0.5681818181818182,
    "f1-score": 0.5763688760806917,
    "support": 176.0
  },
  "tedavi": {
    "precision": 0.4369747899159664,
    "recall": 0.5473684210526316,
    "f1-score": 0.48598130841121495,
    "support": 95.0
  },
  "test": {
    "precision": 0.5656565656565656,
    "recall": 0.5925925925925926,
    "f1-score": 0.5788113695090439,
    "support": 189.0
  },
  "accuracy": 0.5229779411764706,
  "macro avg": {
    "precision": 0.5273299903587608,
    "recall": 0.5444406448622029,
    "f1-score": 0.5312649907046494,
    "support": 1088.0
  },
  "weighted avg": {
    "precision": 0.5290965217561234,
    "recall": 0.5229779411764706,
    "f1-score": 0.5207470372139601,
    "support": 1088.0
  }
}