{
  "açıklama": {
    "precision": 0.7991266375545851,
    "recall": 0.6019736842105263,
    "f1-score": 0.6866791744840526,
    "support": 608.0
  },
  "diğer": {
    "precision": 0.5483870967741935,
    "recall": 0.4146341463414634,
    "f1-score": 0.4722222222222222,
    "support": 82.0
  },
  "emir": {
    "precision": 0.37735849056603776,
    "recall": 0.5405405405405406,
    "f1-score": 0.4444444444444444,
    "support": 37.0
  },
  "hipotez": {
    "precision": 0.4217391304347826,
    "recall": 0.6643835616438356,
    "f1-score": 0.5159574468085106,
    "support": 146.0
  },
  "soru": {
    "precision": 0.5918367346938775,
    "recall": 0.6304347826086957,
    "f1-score": 0.6105263157894737,
    "support": 46.0
  },
  "tanı": {
    "precision": 0.25882352941176473,
    "recall": 0.3384615384615385,
    "f1-score": 0.29333333333333333,
    "support": 65.0
  },
  "tedavi": {
    "precision": 0.4,
    "recall": 0.625,
    "f1-score": 0.4878048780487805,
    "support": 48.0
  },
  "test": {
    "precision": 0.2894736842105263,
    "recall": 0.39285714285714285,
    "f1-score": 0.3333333333333333,
    "support": 28.0
  },
  "uyarı": {
    "precision": 0.1875,
    "recall": 0.21428571428571427,
    "f1-score": 0.2,
    "support": 14.0
  },
  "şaka": {
    "precision": 0.13636363636363635,
    "recall": 0.21428571428571427,
    "f1-score": 0.16666666666666666,
    "support": 14.0
  },
  "accuracy": 0.5652573529411765,
  "macro avg": {
    "precision": 0.4010608940009404,
    "recall": 0.46368568252351716,
    "f1-score": 0.4210967815130817,
    "support": 1088.0
  },
  "weighted avg": {
    "precision": 0.6270774706229431,
    "recall": 0.5652573529411765,
    "f1-score": 0.5818286488906285,
    "support": 1088.0
  }
}