{
  "alaycı": {
    "precision": 0.20224719101123595,
    "recall": 0.46153846153846156,
    "f1-score": 0.28125,
    "support": 39.0
  },
  "ciddi": {
    "precision": 0.5,
    "recall": 0.4957627118644068,
    "f1-score": 0.4978723404255319,
    "support": 236.0
  },
  "diğer": {
    "precision": 0.05,
    "recall": 0.047619047619047616,
    "f1-score": 0.04878048780487805,
    "support": 21.0
  },
  "kaygı": {
    "precision": 0.46153846153846156,
    "recall": 0.6,
    "f1-score": 0.5217391304347826,
    "support": 150.0
  },
  "nötr": {
    "precision": 0.753393665158371,
    "recall": 0.578125,
    "f1-score": 0.6542239685658153,
    "support": 576.0
  },
  "umut": {
    "precision": 0.21875,
    "recall": 0.4375,
    "f1-score": 0.2916666666666667,
    "support": 32.0
  },
  "öfke": {
    "precision": 0.06666666666666667,
    "recall": 0.07692307692307693,
    "f1-score": 0.07142857142857142,
    "support": 13.0
  },
  "üzgün": {
    "precision": 0.13793103448275862,
    "recall": 0.19047619047619047,
    "f1-score": 0.16,
    "support": 21.0
  },
  "accuracy": 0.53125,
  "macro avg": {
    "precision": 0.29881587735718673,
    "recall": 0.3609930610526479,
    "f1-score": 0.31587014566578075,
    "support": 1088.0
  },
  "weighted avg": {
    "precision": 0.589049980884406,
    "recall": 0.53125,
    "f1-score": 0.5498224198578674,
    "support": 1088.0
  }
}