variant,macro_f1_avg,weighted_f1_avg,accuracy_avg
feature_text,0.33701692994778326,0.46739665783075873,0.4757449757449757
feature_text_sampled,0.32400710930114934,0.45415621262285155,0.4615384615384615
feature_text_sampled_augmented,0.322612401281954,0.4524176752557205,0.4584199584199584
feature_text_soft_vote,0.31932106158311735,0.45242803932103975,0.4573804573804574
taxonomy_v2_text,0.2980381158647974,0.420248464265956,0.41302841302841303
