{
  "alaycı": {
    "precision": 0.22105263157894736,
    "recall": 0.5833333333333334,
    "f1-score": 0.32061068702290074,
    "support": 36.0
  },
  "ciddi": {
    "precision": 0.37333333333333335,
    "recall": 0.3925233644859813,
    "f1-score": 0.3826879271070615,
    "support": 214.0
  },
  "diğer": {
    "precision": 0.0,
    "recall": 0.0,
    "f1-score": 0.0,
    "support": 19.0
  },
  "kaygı": {
    "precision": 0.38636363636363635,
    "recall": 0.6115107913669064,
    "f1-score": 0.4735376044568245,
    "support": 139.0
  },
  "nötr": {
    "precision": 0.6401028277634961,
    "recall": 0.5209205020920502,
    "f1-score": 0.5743944636678201,
    "support": 478.0
  },
  "umut": {
    "precision": 0.0,
    "recall": 0.0,
    "f1-score": 0.0,
    "support": 27.0
  },
  "öfke": {
    "precision": 0.2,
    "recall": 0.03571428571428571,
    "f1-score": 0.06060606060606061,
    "support": 28.0
  },
  "üzgün": {
    "precision": 0.4,
    "recall": 0.2857142857142857,
    "f1-score": 0.3333333333333333,
    "support": 21.0
  },
  "accuracy": 0.46361746361746364,
  "macro avg": {
    "precision": 0.27760655362992664,
    "recall": 0.30371457033835536,
    "f1-score": 0.2681462595242501,
    "support": 962.0
  },
  "weighted avg": {
    "precision": 0.4797556394965406,
    "recall": 0.46361746361746364,
    "f1-score": 0.4599963113133284,
    "support": 962.0
  }
}