{
  "açıklama": {
    "precision": 0.6976241900647948,
    "recall": 0.6370808678500987,
    "f1-score": 0.6659793814432989,
    "support": 507.0
  },
  "diğer": {
    "precision": 0.6627906976744186,
    "recall": 0.7037037037037037,
    "f1-score": 0.6826347305389222,
    "support": 81.0
  },
  "emir": {
    "precision": 0.24074074074074073,
    "recall": 0.35135135135135137,
    "f1-score": 0.2857142857142857,
    "support": 37.0
  },
  "hipotez": {
    "precision": 0.43478260869565216,
    "recall": 0.47619047619047616,
    "f1-score": 0.45454545454545453,
    "support": 147.0
  },
  "soru": {
    "precision": 0.25806451612903225,
    "recall": 0.18181818181818182,
    "f1-score": 0.21333333333333335,
    "support": 44.0
  },
  "tanı": {
    "precision": 0.2,
    "recall": 0.2631578947368421,
    "f1-score": 0.22727272727272727,
    "support": 57.0
  },
  "tedavi": {
    "precision": 0.2,
    "recall": 0.45161290322580644,
    "f1-score": 0.27722772277227725,
    "support": 31.0
  },
  "test": {
    "precision": 0.21052631578947367,
    "recall": 0.12903225806451613,
    "f1-score": 0.16,
    "support": 31.0
  },
  "uyarı": {
    "precision": 0.0,
    "recall": 0.0,
    "f1-score": 0.0,
    "support": 14.0
  },
  "şaka": {
    "precision": 1.0,
    "recall": 0.07692307692307693,
    "f1-score": 0.14285714285714285,
    "support": 13.0
  },
  "accuracy": 0.524948024948025,
  "macro avg": {
    "precision": 0.3904529069094112,
    "recall": 0.3270870713864053,
    "f1-score": 0.31095647784774416,
    "support": 962.0
  },
  "weighted avg": {
    "precision": 0.5495666489181894,
    "recall": 0.524948024948025,
    "f1-score": 0.5281569483776624,
    "support": 962.0
  }
}