{
  "başlangıç": {
    "precision": 0.5125,
    "recall": 0.640625,
    "f1-score": 0.5694444444444444,
    "support": 64.0
  },
  "değerlendirme": {
    "precision": 0.3746031746031746,
    "recall": 0.43703703703703706,
    "f1-score": 0.40341880341880343,
    "support": 270.0
  },
  "diğer": {
    "precision": 0.34210526315789475,
    "recall": 0.125,
    "f1-score": 0.18309859154929578,
    "support": 104.0
  },
  "hipotez": {
    "precision": 0.3508771929824561,
    "recall": 0.5,
    "f1-score": 0.41237113402061853,
    "support": 120.0
  },
  "kesin_tanı": {
    "precision": 0.2653061224489796,
    "recall": 0.17333333333333334,
    "f1-score": 0.20967741935483872,
    "support": 150.0
  },
  "tedavi": {
    "precision": 0.46,
    "recall": 0.46,
    "f1-score": 0.46,
    "support": 100.0
  },
  "test": {
    "precision": 0.40625,
    "recall": 0.42207792207792205,
    "f1-score": 0.4140127388535032,
    "support": 154.0
  },
  "accuracy": 0.38357588357588357,
  "macro avg": {
    "precision": 0.387377393313215,
    "recall": 0.3940104703497561,
    "f1-score": 0.3788604473773578,
    "support": 962.0
  },
  "weighted avg": {
    "precision": 0.3742052869402493,
    "recall": 0.38357588357588357,
    "f1-score": 0.36913085827212855,
    "support": 962.0
  }
}