{
  "alaycı": {
    "precision": 0.23076923076923078,
    "recall": 0.3333333333333333,
    "f1-score": 0.2727272727272727,
    "support": 36.0
  },
  "ciddi": {
    "precision": 0.4153846153846154,
    "recall": 0.5046728971962616,
    "f1-score": 0.45569620253164556,
    "support": 214.0
  },
  "diğer": {
    "precision": 0.0,
    "recall": 0.0,
    "f1-score": 0.0,
    "support": 19.0
  },
  "kaygı": {
    "precision": 0.4263959390862944,
    "recall": 0.60431654676259,
    "f1-score": 0.5,
    "support": 139.0
  },
  "nötr": {
    "precision": 0.6769662921348315,
    "recall": 0.50418410041841,
    "f1-score": 0.5779376498800959,
    "support": 478.0
  },
  "umut": {
    "precision": 0.16279069767441862,
    "recall": 0.25925925925925924,
    "f1-score": 0.2,
    "support": 27.0
  },
  "öfke": {
    "precision": 0.06666666666666667,
    "recall": 0.03571428571428571,
    "f1-score": 0.046511627906976744,
    "support": 28.0
  },
  "üzgün": {
    "precision": 0.2962962962962963,
    "recall": 0.38095238095238093,
    "f1-score": 0.3333333333333333,
    "support": 21.0
  },
  "accuracy": 0.4792099792099792,
  "macro avg": {
    "precision": 0.2844087172515442,
    "recall": 0.3278041004545651,
    "f1-score": 0.2982757607974155,
    "support": 962.0
  },
  "weighted avg": {
    "precision": 0.5119991277542023,
    "recall": 0.4792099792099792,
    "f1-score": 0.48523252742623196,
    "support": 962.0
  }
}