{
  "açıklama": {
    "precision": 0.7570332480818415,
    "recall": 0.5838264299802761,
    "f1-score": 0.6592427616926503,
    "support": 507.0
  },
  "diğer": {
    "precision": 0.5398230088495575,
    "recall": 0.7530864197530864,
    "f1-score": 0.6288659793814433,
    "support": 81.0
  },
  "emir": {
    "precision": 0.358974358974359,
    "recall": 0.3783783783783784,
    "f1-score": 0.3684210526315789,
    "support": 37.0
  },
  "hipotez": {
    "precision": 0.5,
    "recall": 0.564625850340136,
    "f1-score": 0.5303514376996805,
    "support": 147.0
  },
  "soru": {
    "precision": 0.5185185185185185,
    "recall": 0.6363636363636364,
    "f1-score": 0.5714285714285714,
    "support": 44.0
  },
  "tanı": {
    "precision": 0.1958762886597938,
    "recall": 0.3333333333333333,
    "f1-score": 0.24675324675324675,
    "support": 57.0
  },
  "tedavi": {
    "precision": 0.16981132075471697,
    "recall": 0.2903225806451613,
    "f1-score": 0.21428571428571427,
    "support": 31.0
  },
  "test": {
    "precision": 0.047619047619047616,
    "recall": 0.03225806451612903,
    "f1-score": 0.038461538461538464,
    "support": 31.0
  },
  "uyarı": {
    "precision": 0.0,
    "recall": 0.0,
    "f1-score": 0.0,
    "support": 14.0
  },
  "şaka": {
    "precision": 0.05,
    "recall": 0.07692307692307693,
    "f1-score": 0.06060606060606061,
    "support": 13.0
  },
  "accuracy": 0.5322245322245323,
  "macro avg": {
    "precision": 0.31376557914578346,
    "recall": 0.36491177702332145,
    "f1-score": 0.3318416362940485,
    "support": 962.0
  },
  "weighted avg": {
    "precision": 0.5776441543288657,
    "recall": 0.5322245322245323,
    "f1-score": 0.5453204788234177,
    "support": 962.0
  }
}