{
  "başlangıç": {
    "precision": 0.4791666666666667,
    "recall": 0.71875,
    "f1-score": 0.575,
    "support": 64.0
  },
  "değerlendirme": {
    "precision": 0.4189189189189189,
    "recall": 0.34444444444444444,
    "f1-score": 0.3780487804878049,
    "support": 270.0
  },
  "diğer": {
    "precision": 0.36046511627906974,
    "recall": 0.2980769230769231,
    "f1-score": 0.3263157894736842,
    "support": 104.0
  },
  "hipotez": {
    "precision": 0.38922155688622756,
    "recall": 0.5416666666666666,
    "f1-score": 0.4529616724738676,
    "support": 120.0
  },
  "kesin_tanı": {
    "precision": 0.2845528455284553,
    "recall": 0.23333333333333334,
    "f1-score": 0.2564102564102564,
    "support": 150.0
  },
  "tedavi": {
    "precision": 0.49606299212598426,
    "recall": 0.63,
    "f1-score": 0.5550660792951542,
    "support": 100.0
  },
  "test": {
    "precision": 0.475177304964539,
    "recall": 0.43506493506493504,
    "f1-score": 0.4542372881355932,
    "support": 154.0
  },
  "accuracy": 0.4158004158004158,
  "macro avg": {
    "precision": 0.4147950573385516,
    "recall": 0.45733375751232896,
    "f1-score": 0.4282914094680515,
    "support": 962.0
  },
  "weighted avg": {
    "precision": 0.40897740613362904,
    "recall": 0.4158004158004158,
    "f1-score": 0.40653440987294165,
    "support": 962.0
  }
}